<!DOCTYPE hibernate-configuration PUBLIC
        "-//Hibernate/Hibernate Configuration DTD 3.0//EN"
        "http://www.hibernate.org/dtd/hibernate-configuration-3.0.dtd">

<hibernate-configuration>

    <session-factory>

        <!-- JDBC Database connection settings -->
        <property name="connection.driver_class">com.mysql.cj.jdbc.Driver</property>
        <property name="hibernate.connection.url">jdbc:mysql://localhost:3306/library?useSSL=false&amp;serverTimezone=UTC</property>
        <property name="hibernate.connection.username">root</property>
        <property name="hibernate.connection.password">mdt212001</property>

        <!-- JDBC connection pool settings ... using built-in test pool -->
        <property name="connection.pool_size">1</property>

        <!-- Select our SQL dialect -->
        <property name="dialect">org.hibernate.dialect.MySQLDialect</property>

        <!-- Echo the SQL to stdout -->
        <property name="show_sql">true</property>
        
        <!-- Format SQL-->
        <property name="hibernate.format_sql">true</property>

        <!-- Set the current session context -->
        <property name="current_session_context_class">thread</property>
        
        <!-- Mapping of the classes. It can be done here or at the program in the 
        	 SessionFactory with .addAnnotatedClass-->
        <!-- <mapping class ="entidades.Student"/> -->
 
    </session-factory>

</hibernate-configuration>